"abbo","abbo"
"abo","abo"
"abortion","abortion"
"abuse","abuse"
"addict","addict"
"addicts","addicts"
"adult","adult"
"africa","africa"
"african","african"
"alla","alla"
"allah","allah"
"alligatorbait","alligatorbait"
"amateur","amateur"
"american","american"
"anal","anal"
"analannie","analannie"
"analsex","analsex"
"angie","angie"
"angry","angry"
"anus","anus"
"arab","arab"
"arabs","arabs"
"areola","areola"
"argie","argie"
"aroused","aroused"
"arse","arse"
"arsehole","arsehole"
"asian","asian"
"ass","ass"
"assassin","assassin"
"assassinate","assassinate"
"assassination","assassination"
"assault","assault"
"assbagger","assbagger"
"assblaster","assblaster"
"assclown","assclown"
"asscowboy","asscowboy"
"asses","asses"
"assfuck","assfuck"
"assfucker","assfucker"
"asshat","asshat"
"asshole","asshole"
"assholes","assholes"
"asshore","asshore"
"assjockey","assjockey"
"asskiss","asskiss"
"asskisser","asskisser"
"assklown","assklown"
"asslick","asslick"
"asslicker","asslicker"
"asslover","asslover"
"assman","assman"
"assmonkey","assmonkey"
"assmunch","assmunch"
"assmuncher","assmuncher"
"asspacker","asspacker"
"asspirate","asspirate"
"asspuppies","asspuppies"
"assranger","assranger"
"asswhore","asswhore"
"asswipe","asswipe"
"athletesfoot","athletesfoot"
"attack","attack"
"australian","australian"
"babe","babe"
"babies","babies"
"backdoor","backdoor"
"backdoorman","backdoorman"
"backseat","backseat"
"badfuck","badfuck"
"balllicker","balllicker"
"balls","balls"
"ballsack","ballsack"
"banging","banging"
"baptist","baptist"
"barelylegal","barelylegal"
"barf","barf"
"barface","barface"
"barfface","barfface"
"bast","bast"
"bastard","bastard"
"bazongas","bazongas"
"bazooms","bazooms"
"beaner","beaner"
"beast","beast"
"beastality","beastality"
"beastial","beastial"
"beastiality","beastiality"
"beatoff","beatoff"
"beat-off","beat-off"
"beatyourmeat","beatyourmeat"
"beaver","beaver"
"bestial","bestial"
"bestiality","bestiality"
"bi","bi"
"biatch","biatch"
"bible","bible"
"bicurious","bicurious"
"bigass","bigass"
"bigbastard","bigbastard"
"bigbutt","bigbutt"
"bigger","bigger"
"bisexual","bisexual"
"bi-sexual","bi-sexual"
"bitch","bitch"
"bitcher","bitcher"
"bitches","bitches"
"bitchez","bitchez"
"bitchin","bitchin"
"bitching","bitching"
"bitchslap","bitchslap"
"bitchy","bitchy"
"biteme","biteme"
"black","black"
"blackman","blackman"
"blackout","blackout"
"blacks","blacks"
"blind","blind"
"blow","blow"
"blowjob","blowjob"
"boang","boang"
"bogan","bogan"
"bohunk","bohunk"
"bollick","bollick"
"bollock","bollock"
"bomb","bomb"
"bombers","bombers"
"bombing","bombing"
"bombs","bombs"
"bomd","bomd"
"bondage","bondage"
"boner","boner"
"bong","bong"
"boob","boob"
"boobies","boobies"
"boobs","boobs"
"booby","booby"
"boody","boody"
"boom","boom"
"boong","boong"
"boonga","boonga"
"boonie","boonie"
"booty","booty"
"bootycall","bootycall"
"bountybar","bountybar"
"bra","bra"
"brea5t","brea5t"
"breast","breast"
"breastjob","breastjob"
"breastlover","breastlover"
"breastman","breastman"
"brothel","brothel"
"bugger","bugger"
"buggered","buggered"
"buggery","buggery"
"bullcrap","bullcrap"
"bulldike","bulldike"
"bulldyke","bulldyke"
"bullshit","bullshit"
"bumblefuck","bumblefuck"
"bumfuck","bumfuck"
"bunga","bunga"
"bunghole","bunghole"
"buried","buried"
"burn","burn"
"butchbabes","butchbabes"
"butchdike","butchdike"
"butchdyke","butchdyke"
"butt","butt"
"buttbang","buttbang"
"butt-bang","butt-bang"
"buttface","buttface"
"buttfuck","buttfuck"
"butt-fuck","butt-fuck"
"buttfucker","buttfucker"
"butt-fucker","butt-fucker"
"buttfuckers","buttfuckers"
"butt-fuckers","butt-fuckers"
"butthead","butthead"
"buttman","buttman"
"buttmunch","buttmunch"
"buttmuncher","buttmuncher"
"buttpirate","buttpirate"
"buttplug","buttplug"
"buttstain","buttstain"
"byatch","byatch"
"cacker","cacker"
"cameljockey","cameljockey"
"cameltoe","cameltoe"
"canadian","canadian"
"cancer","cancer"
"carpetmuncher","carpetmuncher"
"carruth","carruth"
"catholic","catholic"
"catholics","catholics"
"cemetery","cemetery"
"chav","chav"
"cherrypopper","cherrypopper"
"chickslick","chickslick"
"children's","children's"
"chin","chin"
"chinaman","chinaman"
"chinamen","chinamen"
"chinese","chinese"
"chink","chink"
"chinky","chinky"
"choad","choad"
"chode","chode"
"christ","christ"
"christian","christian"
"church","church"
"cigarette","cigarette"
"cigs","cigs"
"clamdigger","clamdigger"
"clamdiver","clamdiver"
"clit","clit"
"clitoris","clitoris"
"clogwog","clogwog"
"cocaine","cocaine"
"cock","cock"
"cockblock","cockblock"
"cockblocker","cockblocker"
"cockcowboy","cockcowboy"
"cockfight","cockfight"
"cockhead","cockhead"
"cockknob","cockknob"
"cocklicker","cocklicker"
"cocklover","cocklover"
"cocknob","cocknob"
"cockqueen","cockqueen"
"cockrider","cockrider"
"cocksman","cocksman"
"cocksmith","cocksmith"
"cocksmoker","cocksmoker"
"cocksucer","cocksucer"
"cocksuck","cocksuck"
"cocksucked","cocksucked"
"cocksucker","cocksucker"
"cocksucking","cocksucking"
"cocktail","cocktail"
"cocktease","cocktease"
"cocky","cocky"
"cohee","cohee"
"coitus","coitus"
"color","color"
"colored","colored"
"coloured","coloured"
"commie","commie"
"communist","communist"
"condom","condom"
"conservative","conservative"
"conspiracy","conspiracy"
"coolie","coolie"
"cooly","cooly"
"coon","coon"
"coondog","coondog"
"copulate","copulate"
"cornhole","cornhole"
"corruption","corruption"
"cra5h","cra5h"
"crabs","crabs"
"crack","crack"
"crackpipe","crackpipe"
"crackwhore","crackwhore"
"crack-whore","crack-whore"
"crap","crap"
"crapola","crapola"
"crapper","crapper"
"crappy","crappy"
"crash","crash"
"creamy","creamy"
"crime","crime"
"crimes","crimes"
"criminal","criminal"
"criminals","criminals"
"crotch","crotch"
"crotchjockey","crotchjockey"
"crotchmonkey","crotchmonkey"
"crotchrot","crotchrot"
"cum","cum"
"cumbubble","cumbubble"
"cumfest","cumfest"
"cumjockey","cumjockey"
"cumm","cumm"
"cummer","cummer"
"cumming","cumming"
"cumquat","cumquat"
"cumqueen","cumqueen"
"cumshot","cumshot"
"cunilingus","cunilingus"
"cunillingus","cunillingus"
"cunn","cunn"
"cunnilingus","cunnilingus"
"cunntt","cunntt"
"cunt","cunt"
"cunteyed","cunteyed"
"cuntfuck","cuntfuck"
"cuntfucker","cuntfucker"
"cuntlick","cuntlick"
"cuntlicker","cuntlicker"
"cuntlicking","cuntlicking"
"cuntsucker","cuntsucker"
"cybersex","cybersex"
"cyberslimer","cyberslimer"
"dago","dago"
"dahmer","dahmer"
"dammit","dammit"
"damn","damn"
"damnation","damnation"
"damnit","damnit"
"darkie","darkie"
"darky","darky"
"datnigga","datnigga"
"dead","dead"
"deapthroat","deapthroat"
"death","death"
"deepthroat","deepthroat"
"defecate","defecate"
"dego","dego"
"demon","demon"
"deposit","deposit"
"desire","desire"
"destroy","destroy"
"deth","deth"
"devil","devil"
"devilworshipper","devilworshipper"
"dick","dick"
"dickbrain","dickbrain"
"dickforbrains","dickforbrains"
"dickhead","dickhead"
"dickless","dickless"
"dicklick","dicklick"
"dicklicker","dicklicker"
"dickman","dickman"
"dickwad","dickwad"
"dickweed","dickweed"
"diddle","diddle"
"die","die"
"died","died"
"dies","dies"
"dike","dike"
"dildo","dildo"
"dingleberry","dingleberry"
"dink","dink"
"dipshit","dipshit"
"dipstick","dipstick"
"dirty","dirty"
"disease","disease"
"diseases","diseases"
"disturbed","disturbed"
"dive","dive"
"dix","dix"
"dixiedike","dixiedike"
"dixiedyke","dixiedyke"
"doggiestyle","doggiestyle"
"doggystyle","doggystyle"
"dong","dong"
"doodoo","doodoo"
"doo-doo","doo-doo"
"doom","doom"
"dope","dope"
"dragqueen","dragqueen"
"dragqween","dragqween"
"dripdick","dripdick"
"drug","drug"
"drunk","drunk"
"drunken","drunken"
"dumb","dumb"
"dumbass","dumbass"
"dumbbitch","dumbbitch"
"dumbfuck","dumbfuck"
"dyefly","dyefly"
"dyke","dyke"
"easyslut","easyslut"
"eatballs","eatballs"
"eatme","eatme"
"eatpussy","eatpussy"
"ecstacy","ecstacy"
"ejaculate","ejaculate"
"ejaculated","ejaculated"
"ejaculating","ejaculating"
"ejaculation","ejaculation"
"enema","enema"
"enemy","enemy"
"erect","erect"
"erection","erection"
"ero","ero"
"escort","escort"
"ethiopian","ethiopian"
"ethnic","ethnic"
"european","european"
"evl","evl"
"excrement","excrement"
"execute","execute"
"executed","executed"
"execution","execution"
"executioner","executioner"
"explosion","explosion"
"facefucker","facefucker"
"faeces","faeces"
"fag","fag"
"fagging","fagging"
"faggot","faggot"
"fagot","fagot"
"failed","failed"
"failure","failure"
"fairies","fairies"
"fairy","fairy"
"faith","faith"
"fannyfucker","fannyfucker"
"fart","fart"
"farted","farted"
"farting","farting"
"farty","farty"
"fastfuck","fastfuck"
"fat","fat"
"fatah","fatah"
"fatass","fatass"
"fatfuck","fatfuck"
"fatfucker","fatfucker"
"fatso","fatso"
"fckcum","fckcum"
"fear","fear"
"feces","feces"
"felatio","felatio"
"felch","felch"
"felcher","felcher"
"felching","felching"
"fellatio","fellatio"
"feltch","feltch"
"feltcher","feltcher"
"feltching","feltching"
"fetish","fetish"
"fight","fight"
"filipina","filipina"
"filipino","filipino"
"fingerfood","fingerfood"
"fingerfuck","fingerfuck"
"fingerfucked","fingerfucked"
"fingerfucker","fingerfucker"
"fingerfuckers","fingerfuckers"
"fingerfucking","fingerfucking"
"fire","fire"
"firing","firing"
"fister","fister"
"fistfuck","fistfuck"
"fistfucked","fistfucked"
"fistfucker","fistfucker"
"fistfucking","fistfucking"
"fisting","fisting"
"flange","flange"
"flasher","flasher"
"flatulence","flatulence"
"floo","floo"
"flydie","flydie"
"flydye","flydye"
"fok","fok"
"fondle","fondle"
"footaction","footaction"
"footfuck","footfuck"
"footfucker","footfucker"
"footlicker","footlicker"
"footstar","footstar"
"fore","fore"
"foreskin","foreskin"
"forni","forni"
"fornicate","fornicate"
"foursome","foursome"
"fourtwenty","fourtwenty"
"fraud","fraud"
"freakfuck","freakfuck"
"freakyfucker","freakyfucker"
"freefuck","freefuck"
"fu","fu"
"fubar","fubar"
"fuc","fuc"
"fucck","fucck"
"fuck","fuck"
"fucka","fucka"
"fuckable","fuckable"
"fuckbag","fuckbag"
"fuckbuddy","fuckbuddy"
"fucked","fucked"
"fuckedup","fuckedup"
"fucker","fucker"
"fuckers","fuckers"
"fuckface","fuckface"
"fuckfest","fuckfest"
"fuckfreak","fuckfreak"
"fuckfriend","fuckfriend"
"fuckhead","fuckhead"
"fuckher","fuckher"
"fuckin","fuckin"
"fuckina","fuckina"
"fucking","fucking"
"fuckingbitch","fuckingbitch"
"fuckinnuts","fuckinnuts"
"fuckinright","fuckinright"
"fuckit","fuckit"
"fuckknob","fuckknob"
"fuckme","fuckme"
"fuckmehard","fuckmehard"
"fuckmonkey","fuckmonkey"
"fuckoff","fuckoff"
"fuckpig","fuckpig"
"fucks","fucks"
"fucktard","fucktard"
"fuckwhore","fuckwhore"
"fuckyou","fuckyou"
"fudgepacker","fudgepacker"
"fugly","fugly"
"fuk","fuk"
"fuks","fuks"
"funeral","funeral"
"funfuck","funfuck"
"fungus","fungus"
"fuuck","fuuck"
"gangbang","gangbang"
"gangbanged","gangbanged"
"gangbanger","gangbanger"
"gangsta","gangsta"
"gatorbait","gatorbait"
"gay","gay"
"gaymuthafuckinwhore","gaymuthafuckinwhore"
"gaysex","gaysex"
"geez","geez"
"geezer","geezer"
"geni","geni"
"genital","genital"
"german","german"
"getiton","getiton"
"gin","gin"
"ginzo","ginzo"
"gipp","gipp"
"girls","girls"
"givehead","givehead"
"glazeddonut","glazeddonut"
"gob","gob"
"god","god"
"godammit","godammit"
"goddamit","goddamit"
"goddammit","goddammit"
"goddamn","goddamn"
"goddamned","goddamned"
"goddamnes","goddamnes"
"goddamnit","goddamnit"
"goddamnmuthafucker","goddamnmuthafucker"
"goldenshower","goldenshower"
"gonorrehea","gonorrehea"
"gonzagas","gonzagas"
"gook","gook"
"gotohell","gotohell"
"goy","goy"
"goyim","goyim"
"greaseball","greaseball"
"gringo","gringo"
"groe","groe"
"gross","gross"
"grostulation","grostulation"
"gubba","gubba"
"gummer","gummer"
"gun","gun"
"gyp","gyp"
"gypo","gypo"
"gypp","gypp"
"gyppie","gyppie"
"gyppo","gyppo"
"gyppy","gyppy"
"hamas","hamas"
"handjob","handjob"
"hapa","hapa"
"harder","harder"
"hardon","hardon"
"harem","harem"
"headfuck","headfuck"
"headlights","headlights"
"hebe","hebe"
"heeb","heeb"
"hell","hell"
"henhouse","henhouse"
"heroin","heroin"
"herpes","herpes"
"heterosexual","heterosexual"
"hijack","hijack"
"hijacker","hijacker"
"hijacking","hijacking"
"hillbillies","hillbillies"
"hindoo","hindoo"
"hiscock","hiscock"
"hitler","hitler"
"hitlerism","hitlerism"
"hitlerist","hitlerist"
"hiv","hiv"
"ho","ho"
"hobo","hobo"
"hodgie","hodgie"
"hoes","hoes"
"hole","hole"
"holestuffer","holestuffer"
"homicide","homicide"
"homo","homo"
"homobangers","homobangers"
"homosexual","homosexual"
"honger","honger"
"honk","honk"
"honkers","honkers"
"honkey","honkey"
"honky","honky"
"hook","hook"
"hooker","hooker"
"hookers","hookers"
"hooters","hooters"
"hore","hore"
"hork","hork"
"horn","horn"
"horney","horney"
"horniest","horniest"
"horny","horny"
"horseshit","horseshit"
"hosejob","hosejob"
"hoser","hoser"
"hostage","hostage"
"hotdamn","hotdamn"
"hotpussy","hotpussy"
"hottotrot","hottotrot"
"hummer","hummer"
"husky","husky"
"hussy","hussy"
"hustler","hustler"
"hymen","hymen"
"hymie","hymie"
"iblowu","iblowu"
"idiot","idiot"
"ikey","ikey"
"illegal","illegal"
"incest","incest"
"insest","insest"
"intercourse","intercourse"
"interracial","interracial"
"intheass","intheass"
"inthebuff","inthebuff"
"israel","israel"
"israeli","israeli"
"israel's","israel's"
"italiano","italiano"
"itch","itch"
"jackass","jackass"
"jackoff","jackoff"
"jackshit","jackshit"
"jacktheripper","jacktheripper"
"jade","jade"
"jap","jap"
"japanese","japanese"
"japcrap","japcrap"
"jebus","jebus"
"jeez","jeez"
"jerkoff","jerkoff"
"jesus","jesus"
"jesuschrist","jesuschrist"
"jew","jew"
"jewish","jewish"
"jiga","jiga"
"jigaboo","jigaboo"
"jigg","jigg"
"jigga","jigga"
"jiggabo","jiggabo"
"jigger","jigger"
"jiggy","jiggy"
"jihad","jihad"
"jijjiboo","jijjiboo"
"jimfish","jimfish"
"jism","jism"
"jiz","jiz"
"jizim","jizim"
"jizjuice","jizjuice"
"jizm","jizm"
"jizz","jizz"
"jizzim","jizzim"
"jizzum","jizzum"
"joint","joint"
"juggalo","juggalo"
"jugs","jugs"
"junglebunny","junglebunny"
"kaffer","kaffer"
"kaffir","kaffir"
"kaffre","kaffre"
"kafir","kafir"
"kanake","kanake"
"kid","kid"
"kigger","kigger"
"kike","kike"
"kill","kill"
"killed","killed"
"killer","killer"
"killing","killing"
"kills","kills"
"kink","kink"
"kinky","kinky"
"kissass","kissass"
"kkk","kkk"
"knife","knife"
"knockers","knockers"
"kock","kock"
"kondum","kondum"
"koon","koon"
"kotex","kotex"
"krap","krap"
"krappy","krappy"
"kraut","kraut"
"kum","kum"
"kumbubble","kumbubble"
"kumbullbe","kumbullbe"
"kummer","kummer"
"kumming","kumming"
"kumquat","kumquat"
"kums","kums"
"kunilingus","kunilingus"
"kunnilingus","kunnilingus"
"kunt","kunt"
"ky","ky"
"kyke","kyke"
"lactate","lactate"
"laid","laid"
"lapdance","lapdance"
"latin","latin"
"lesbain","lesbain"
"lesbayn","lesbayn"
"lesbian","lesbian"
"lesbin","lesbin"
"lesbo","lesbo"
"lez","lez"
"lezbe","lezbe"
"lezbefriends","lezbefriends"
"lezbo","lezbo"
"lezz","lezz"
"lezzo","lezzo"
"liberal","liberal"
"libido","libido"
"licker","licker"
"lickme","lickme"
"lies","lies"
"limey","limey"
"limpdick","limpdick"
"limy","limy"
"lingerie","lingerie"
"liquor","liquor"
"livesex","livesex"
"loadedgun","loadedgun"
"lolita","lolita"
"looser","looser"
"loser","loser"
"lotion","lotion"
"lovebone","lovebone"
"lovegoo","lovegoo"
"lovegun","lovegun"
"lovejuice","lovejuice"
"lovemuscle","lovemuscle"
"lovepistol","lovepistol"
"loverocket","loverocket"
"lowlife","lowlife"
"lsd","lsd"
"lubejob","lubejob"
"lucifer","lucifer"
"luckycammeltoe","luckycammeltoe"
"lugan","lugan"
"lynch","lynch"
"macaca","macaca"
"mad","mad"
"mafia","mafia"
"magicwand","magicwand"
"mams","mams"
"manhater","manhater"
"manpaste","manpaste"
"marijuana","marijuana"
"mastabate","mastabate"
"mastabater","mastabater"
"masterbate","masterbate"
"masterblaster","masterblaster"
"mastrabator","mastrabator"
"masturbate","masturbate"
"masturbating","masturbating"
"mattressprincess","mattressprincess"
"meatbeatter","meatbeatter"
"meatrack","meatrack"
"meth","meth"
"mexican","mexican"
"mgger","mgger"
"mggor","mggor"
"mickeyfinn","mickeyfinn"
"mideast","mideast"
"milf","milf"
"minority","minority"
"mockey","mockey"
"mockie","mockie"
"mocky","mocky"
"mofo","mofo"
"moky","moky"
"moles","moles"
"molest","molest"
"molestation","molestation"
"molester","molester"
"molestor","molestor"
"moneyshot","moneyshot"
"mooncricket","mooncricket"
"mormon","mormon"
"moron","moron"
"moslem","moslem"
"mosshead","mosshead"
"mothafuck","mothafuck"
"mothafucka","mothafucka"
"mothafuckaz","mothafuckaz"
"mothafucked","mothafucked"
"mothafucker","mothafucker"
"mothafuckin","mothafuckin"
"mothafucking","mothafucking"
"mothafuckings","mothafuckings"
"motherfuck","motherfuck"
"motherfucked","motherfucked"
"motherfucker","motherfucker"
"motherfuckin","motherfuckin"
"motherfucking","motherfucking"
"motherfuckings","motherfuckings"
"motherlovebone","motherlovebone"
"muff","muff"
"muffdive","muffdive"
"muffdiver","muffdiver"
"muffindiver","muffindiver"
"mufflikcer","mufflikcer"
"mulatto","mulatto"
"muncher","muncher"
"munt","munt"
"murder","murder"
"murderer","murderer"
"muslim","muslim"
"naked","naked"
"narcotic","narcotic"
"nasty","nasty"
"nastybitch","nastybitch"
"nastyho","nastyho"
"nastyslut","nastyslut"
"nastywhore","nastywhore"
"nazi","nazi"
"necro","necro"
"negro","negro"
"negroes","negroes"
"negroid","negroid"
"negro's","negro's"
"nig","nig"
"niger","niger"
"nigerian","nigerian"
"nigerians","nigerians"
"nigg","nigg"
"nigga","nigga"
"niggah","niggah"
"niggaracci","niggaracci"
"niggard","niggard"
"niggarded","niggarded"
"niggarding","niggarding"
"niggardliness","niggardliness"
"niggardliness's","niggardliness's"
"niggardly","niggardly"
"niggards","niggards"
"niggard's","niggard's"
"niggaz","niggaz"
"nigger","nigger"
"niggerhead","niggerhead"
"niggerhole","niggerhole"
"niggers","niggers"
"nigger's","nigger's"
"niggle","niggle"
"niggled","niggled"
"niggles","niggles"
"niggling","niggling"
"nigglings","nigglings"
"niggor","niggor"
"niggur","niggur"
"niglet","niglet"
"nignog","nignog"
"nigr","nigr"
"nigra","nigra"
"nigre","nigre"
"nip","nip"
"nipple","nipple"
"nipplering","nipplering"
"nittit","nittit"
"nlgger","nlgger"
"nlggor","nlggor"
"nofuckingway","nofuckingway"
"nook","nook"
"nookey","nookey"
"nookie","nookie"
"noonan","noonan"
"nooner","nooner"
"nude","nude"
"nudger","nudger"
"nuke","nuke"
"nutfucker","nutfucker"
"nymph","nymph"
"ontherag","ontherag"
"oral","oral"
"orga","orga"
"orgasim","orgasim"
"orgasm","orgasm"
"orgies","orgies"
"orgy","orgy"
"osama","osama"
"paki","paki"
"palesimian","palesimian"
"palestinian","palestinian"
"pansies","pansies"
"pansy","pansy"
"panti","panti"
"panties","panties"
"payo","payo"
"pearlnecklace","pearlnecklace"
"peck","peck"
"pecker","pecker"
"peckerwood","peckerwood"
"pee","pee"
"peehole","peehole"
"pee-pee","pee-pee"
"peepshow","peepshow"
"peepshpw","peepshpw"
"pendy","pendy"
"penetration","penetration"
"peni5","peni5"
"penile","penile"
"penis","penis"
"penises","penises"
"penthouse","penthouse"
"period","period"
"perv","perv"
"phonesex","phonesex"
"phuk","phuk"
"phuked","phuked"
"phuking","phuking"
"phukked","phukked"
"phukking","phukking"
"phungky","phungky"
"phuq","phuq"
"pi55","pi55"
"picaninny","picaninny"
"piccaninny","piccaninny"
"pickaninny","pickaninny"
"piker","piker"
"pikey","pikey"
"piky","piky"
"pimp","pimp"
"pimped","pimped"
"pimper","pimper"
"pimpjuic","pimpjuic"
"pimpjuice","pimpjuice"
"pimpsimp","pimpsimp"
"pindick","pindick"
"piss","piss"
"pissed","pissed"
"pisser","pisser"
"pisses","pisses"
"pisshead","pisshead"
"pissin","pissin"
"pissing","pissing"
"pissoff","pissoff"
"pistol","pistol"
"pixie","pixie"
"pixy","pixy"
"playboy","playboy"
"playgirl","playgirl"
"pocha","pocha"
"pocho","pocho"
"pocketpool","pocketpool"
"pohm","pohm"
"polack","polack"
"pom","pom"
"pommie","pommie"
"pommy","pommy"
"poo","poo"
"poon","poon"
"poontang","poontang"
"poop","poop"
"pooper","pooper"
"pooperscooper","pooperscooper"
"pooping","pooping"
"poorwhitetrash","poorwhitetrash"
"popimp","popimp"
"porchmonkey","porchmonkey"
"porn","porn"
"pornflick","pornflick"
"pornking","pornking"
"porno","porno"
"pornography","pornography"
"pornprincess","pornprincess"
"pot","pot"
"poverty","poverty"
"premature","premature"
"pric","pric"
"prick","prick"
"prickhead","prickhead"
"primetime","primetime"
"propaganda","propaganda"
"pros","pros"
"prostitute","prostitute"
"protestant","protestant"
"pu55i","pu55i"
"pu55y","pu55y"
"pube","pube"
"pubic","pubic"
"pubiclice","pubiclice"
"pud","pud"
"pudboy","pudboy"
"pudd","pudd"
"puddboy","puddboy"
"puke","puke"
"puntang","puntang"
"purinapricness","purinapricness"
"puss","puss"
"pussie","pussie"
"pussies","pussies"
"pussy","pussy"
"pussycat","pussycat"
"pussyeater","pussyeater"
"pussyfucker","pussyfucker"
"pussylicker","pussylicker"
"pussylips","pussylips"
"pussylover","pussylover"
"pussypounder","pussypounder"
"pusy","pusy"
"quashie","quashie"
"queef","queef"
"queer","queer"
"quickie","quickie"
"quim","quim"
"ra8s","ra8s"
"rabbi","rabbi"
"racial","racial"
"racist","racist"
"radical","radical"
"radicals","radicals"
"raghead","raghead"
"randy","randy"
"rape","rape"
"raped","raped"
"raper","raper"
"rapist","rapist"
"rearend","rearend"
"rearentry","rearentry"
"rectum","rectum"
"redlight","redlight"
"redneck","redneck"
"reefer","reefer"
"reestie","reestie"
"refugee","refugee"
"reject","reject"
"remains","remains"
"rentafuck","rentafuck"
"republican","republican"
"rere","rere"
"retard","retard"
"retarded","retarded"
"ribbed","ribbed"
"rigger","rigger"
"rimjob","rimjob"
"rimming","rimming"
"roach","roach"
"robber","robber"
"roundeye","roundeye"
"rump","rump"
"russki","russki"
"russkie","russkie"
"sadis","sadis"
"sadom","sadom"
"samckdaddy","samckdaddy"
"sandm","sandm"
"sandnigger","sandnigger"
"satan","satan"
"scag","scag"
"scallywag","scallywag"
"scat","scat"
"schlong","schlong"
"screw","screw"
"screwyou","screwyou"
"scrotum","scrotum"
"scum","scum"
"semen","semen"
"seppo","seppo"
"servant","servant"
"sex","sex"
"sexed","sexed"
"sexfarm","sexfarm"
"sexhound","sexhound"
"sexhouse","sexhouse"
"sexing","sexing"
"sexkitten","sexkitten"
"sexpot","sexpot"
"sexslave","sexslave"
"sextogo","sextogo"
"sextoy","sextoy"
"sextoys","sextoys"
"sexual","sexual"
"sexually","sexually"
"sexwhore","sexwhore"
"sexy","sexy"
"sexymoma","sexymoma"
"sexy-slim","sexy-slim"
"shag","shag"
"shaggin","shaggin"
"shagging","shagging"
"shat","shat"
"shav","shav"
"shawtypimp","shawtypimp"
"sheeney","sheeney"
"shhit","shhit"
"shinola","shinola"
"shit","shit"
"shitcan","shitcan"
"shitdick","shitdick"
"shite","shite"
"shiteater","shiteater"
"shited","shited"
"shitface","shitface"
"shitfaced","shitfaced"
"shitfit","shitfit"
"shitforbrains","shitforbrains"
"shitfuck","shitfuck"
"shitfucker","shitfucker"
"shitfull","shitfull"
"shithapens","shithapens"
"shithappens","shithappens"
"shithead","shithead"
"shithouse","shithouse"
"shiting","shiting"
"shitlist","shitlist"
"shitola","shitola"
"shitoutofluck","shitoutofluck"
"shits","shits"
"shitstain","shitstain"
"shitted","shitted"
"shitter","shitter"
"shitting","shitting"
"shitty","shitty"
"shoot","shoot"
"shooting","shooting"
"shortfuck","shortfuck"
"showtime","showtime"
"sick","sick"
"sissy","sissy"
"sixsixsix","sixsixsix"
"sixtynine","sixtynine"
"sixtyniner","sixtyniner"
"skank","skank"
"skankbitch","skankbitch"
"skankfuck","skankfuck"
"skankwhore","skankwhore"
"skanky","skanky"
"skankybitch","skankybitch"
"skankywhore","skankywhore"
"skinflute","skinflute"
"skum","skum"
"skumbag","skumbag"
"slant","slant"
"slanteye","slanteye"
"slapper","slapper"
"slaughter","slaughter"
"slav","slav"
"slave","slave"
"slavedriver","slavedriver"
"sleezebag","sleezebag"
"sleezeball","sleezeball"
"slideitin","slideitin"
"slime","slime"
"slimeball","slimeball"
"slimebucket","slimebucket"
"slopehead","slopehead"
"slopey","slopey"
"slopy","slopy"
"slut","slut"
"sluts","sluts"
"slutt","slutt"
"slutting","slutting"
"slutty","slutty"
"slutwear","slutwear"
"slutwhore","slutwhore"
"smack","smack"
"smackthemonkey","smackthemonkey"
"smut","smut"
"snatch","snatch"
"snatchpatch","snatchpatch"
"snigger","snigger"
"sniggered","sniggered"
"sniggering","sniggering"
"sniggers","sniggers"
"snigger's","snigger's"
"sniper","sniper"
"snot","snot"
"snowback","snowback"
"snownigger","snownigger"
"sob","sob"
"sodom","sodom"
"sodomise","sodomise"
"sodomite","sodomite"
"sodomize","sodomize"
"sodomy","sodomy"
"sonofabitch","sonofabitch"
"sonofbitch","sonofbitch"
"sooty","sooty"
"sos","sos"
"soviet","soviet"
"spaghettibender","spaghettibender"
"spaghettinigger","spaghettinigger"
"spank","spank"
"spankthemonkey","spankthemonkey"
"sperm","sperm"
"spermacide","spermacide"
"spermbag","spermbag"
"spermhearder","spermhearder"
"spermherder","spermherder"
"spic","spic"
"spick","spick"
"spig","spig"
"spigotty","spigotty"
"spik","spik"
"spit","spit"
"spitter","spitter"
"splittail","splittail"
"spooge","spooge"
"spreadeagle","spreadeagle"
"spunk","spunk"
"spunky","spunky"
"squaw","squaw"
"stagg","stagg"
"stiffy","stiffy"
"strapon","strapon"
"stringer","stringer"
"stripclub","stripclub"
"stroke","stroke"
"stroking","stroking"
"stupid","stupid"
"stupidfuck","stupidfuck"
"stupidfucker","stupidfucker"
"suck","suck"
"suckdick","suckdick"
"sucker","sucker"
"suckme","suckme"
"suckmyass","suckmyass"
"suckmydick","suckmydick"
"suckmytit","suckmytit"
"suckoff","suckoff"
"suicide","suicide"
"swallow","swallow"
"swallower","swallower"
"swalow","swalow"
"swastika","swastika"
"sweetness","sweetness"
"syphilis","syphilis"
"taboo","taboo"
"taff","taff"
"tampon","tampon"
"tang","tang"
"tantra","tantra"
"tarbaby","tarbaby"
"tard","tard"
"teat","teat"
"terror","terror"
"terrorist","terrorist"
"teste","teste"
"testicle","testicle"
"testicles","testicles"
"thicklips","thicklips"
"thirdeye","thirdeye"
"thirdleg","thirdleg"
"threesome","threesome"
"threeway","threeway"
"timbernigger","timbernigger"
"tinkle","tinkle"
"tit","tit"
"titbitnipply","titbitnipply"
"titfuck","titfuck"
"titfucker","titfucker"
"titfuckin","titfuckin"
"titjob","titjob"
"titlicker","titlicker"
"titlover","titlover"
"tits","tits"
"tittie","tittie"
"titties","titties"
"titty","titty"
"tnt","tnt"
"toilet","toilet"
"tongethruster","tongethruster"
"tongue","tongue"
"tonguethrust","tonguethrust"
"tonguetramp","tonguetramp"
"tortur","tortur"
"torture","torture"
"tosser","tosser"
"towelhead","towelhead"
"trailertrash","trailertrash"
"tramp","tramp"
"trannie","trannie"
"tranny","tranny"
"transexual","transexual"
"transsexual","transsexual"
"transvestite","transvestite"
"triplex","triplex"
"trisexual","trisexual"
"trojan","trojan"
"trots","trots"
"tuckahoe","tuckahoe"
"tunneloflove","tunneloflove"
"turd","turd"
"turnon","turnon"
"twat","twat"
"twink","twink"
"twinkie","twinkie"
"twobitwhore","twobitwhore"
"uck","uck"
"uk","uk"
"unfuckable","unfuckable"
"upskirt","upskirt"
"uptheass","uptheass"
"upthebutt","upthebutt"
"urinary","urinary"
"urinate","urinate"
"urine","urine"
"usama","usama"
"uterus","uterus"
"vagina","vagina"
"vaginal","vaginal"
"vatican","vatican"
"vibr","vibr"
"vibrater","vibrater"
"vibrator","vibrator"
"vietcong","vietcong"
"violence","violence"
"virgin","virgin"
"virginbreaker","virginbreaker"
"vomit","vomit"
"vulva","vulva"
"wab","wab"
"wank","wank"
"wanker","wanker"
"wanking","wanking"
"waysted","waysted"
"weapon","weapon"
"weenie","weenie"
"weewee","weewee"
"welcher","welcher"
"welfare","welfare"
"wetb","wetb"
"wetback","wetback"
"wetspot","wetspot"
"whacker","whacker"
"whash","whash"
"whigger","whigger"
"whiskey","whiskey"
"whiskeydick","whiskeydick"
"whiskydick","whiskydick"
"whit","whit"
"whitenigger","whitenigger"
"whites","whites"
"whitetrash","whitetrash"
"whitey","whitey"
"whiz","whiz"
"whop","whop"
"whore","whore"
"whorefucker","whorefucker"
"whorehouse","whorehouse"
"wigger","wigger"
"willie","willie"
"williewanker","williewanker"
"willy","willy"
"wn","wn"
"wog","wog"
"women's","women's"
"wop","wop"
"wtf","wtf"
"wuss","wuss"
"wuzzie","wuzzie"
"xtc","xtc"
"xxx","xxx"
"yankee","yankee"
"yellowman","yellowman"
"zigabo","zigabo"
"zipperhead","zipperhead"